<?xml version="1.0" encoding="utf-8"?>
<!-- Copyright (C) 2020-2023 Aditya Shakya <adi1090x@gmail.com> -->
<!DOCTYPE menu [
  <!ENTITY icons "/usr/share/archcraft/openbox/icons">
  <!ENTITY pipes "/usr/share/archcraft/openbox/pipemenus">
]>
<openbox_menu xmlns="http://openbox.org/" xmlns:xsi="http://www.w3.org/2001/XMLSchema-instance" xsi:schemaLocation="http://openbox.org/  file:///usr/share/openbox/menu.xsd">
  <menu id="root-menu" title="Menu" label="Openbox 3">
<!--	<separator label="Main Menu"/>  -->
		<item icon="&icons;/terminal.png" label="Terminal Emulator">
			<action name="Execute">
				<command>alacritty</command>
			</action>
		</item>
		<separator/>
		<item icon="&icons;/filemanager.png" label="File Manager">
			<action name="Execute">
				<command>thunar</command>
			</action>
		</item>
		<separator/>
		<item icon="&icons;/browser.png" label="Web Browser">
			<action name="Execute">
				<command>firefox</command>
			</action>
		</item>
		<separator/>
		<item icon="&icons;/editor.png" label="Text Editor">
			<action name="Execute">
				<command>geany</command>
			</action>
		</item>
		<separator/>
		<separator/>
		<separator/>
		<menu icon="&icons;/apps.png" id="app-menu" execute="obmenu-generator" label="Applications"/>
		<separator/>
		<menu icon="&icons;/root.png" id="ac-asroot" execute="&pipes;/ac-asroot" label="Apps As Root"/>
		<separator/>
		<menu icon="&icons;/shots.png" id="ac-shots" execute="&pipes;/ac-shots" label="Screenshot"/>
		<separator/>
		<menu icon="&icons;/record.png" id="ac-record" execute="&pipes;/ac-record" label="Screen Recorder"/>
		<separator/>
		<separator/>
		<separator/>
		<menu icon="&icons;/places.png" id="ac-places" execute="&pipes;/ac-places --recent ~/" label="Places"/>
		<separator/>
		<menu icon="&icons;/recents.png" id="ac-recent" execute="&pipes;/ac-recent-files" label="Recent Files"/>
		<separator/>
		<menu icon="&icons;/settings.png" id="preferences" label="Preferences">
			<menu id="obconfig" label="Openbox">
				<menu id="ac-ob-menu" execute="&pipes;/ac-ob-menu" label="Menu Style"/>
				<item label="Settings">
					<action name="Execute">
						<command>obconf</command>
					</action>
				</item>
				<separator/>
				<item label="Edit menu.xml">
					<action name="Execute">
						<command>exo-open ~/.config/openbox/menu-icons.xml</command>
					</action>
				</item>
				<item label="Edit rc.xml">
					<action name="Execute">
						<command>exo-open ~/.config/openbox/rc.xml</command>
					</action>
				</item>
				<item label="Edit autostart">
					<action name="Execute">
						<command>exo-open ~/.config/openbox/autostart</command>
					</action>
				</item>
				<separator/>
				<item label="Reconfigure">
					<action name="Reconfigure"/>
				</item>
				<item label="Restart">
					<action name="Restart"/>
				</item>
			</menu>
			<menu id="CompositingPipeMenu" execute="&pipes;/ac-compositor" label="Compositor"/>
			<menu id="PanelPipeMenu" execute="&pipes;/ac-panel" label="Panel / Bar"/>
			<menu id="XrandrPipeMenu" execute="&pipes;/ac-randr" label="Display / Monitor"/>
			<separator/>
			<menu id="StylePipeMenu" execute="&pipes;/ac-change-style" label="Change Style"/>
			<menu id="FontPipeMenu" execute="&pipes;/ac-change-fonts" label="Change Font"/>
			<menu id="SchemePipeMenu" execute="&pipes;/ac-change-scheme" label="Terminal Colors"/>
			<separator/>
			<item label="Change Wallpaper">
				<action name="Execute">
					<command>nitrogen</command>
				</action>
			</item>
			<item label="Appearance Settings">
				<action name="Execute">
					<command>xfce4-appearance-settings</command>
				</action>
			</item>
			<item label="QT5 Settings">
				<action name="Execute">
					<command>qt5ct</command>
				</action>
			</item>
			<item label="Kvantum Manager">
				<action name="Execute">
					<command>kvantummanager</command>
				</action>
			</item>
			<separator/>
			<item label="Power Settings">
				<action name="Execute">
					<command>xfce4-power-manager-settings</command>
				</action>
			</item>
			<item label="Settings Manager">
				<action name="Execute">
					<command>xfce4-settings-manager</command>
				</action>
			</item>
		</menu>
		<separator/>
		<menu icon="&icons;/keyboard.png" id="KeybindsPipeMenu" execute="&pipes;/ac-kb-pipemenu" label="Keybinds"/>
		<separator/>
		<separator/>
		<separator/>
		<item icon="&icons;/sys-lock.png" label="Lock Screen">
			<action name="Execute">
				<command>betterlockscreen --lock</command>
			</action>
		</item>
		<separator/>
		<menu icon="&icons;/sys-poweroff.png" id="Exit" label="System">
			<menu icon="&icons;/stats.png" id="SystemPipeMenu" execute="&pipes;/ac-sysinfo" label="Stats"/>
			<separator/>
			<item icon="&icons;/sys-exit.png" label="Logout">
				<action name="Execute">
					<command>&pipes;/ac-powermenu --logout</command>
				</action>
			</item>
			<separator/>
			<item icon="&icons;/sys-sleep.png" label="Suspend">
				<action name="Execute">
					<command>&pipes;/ac-powermenu --suspent</command>
				</action>
			</item>
			<separator/>
			<item icon="&icons;/sys-reboot.png" label="Reboot">
				<action name="Execute">
					<command>&pipes;/ac-powermenu --reboot</command>
				</action>
			</item>
			<separator/>
			<item icon="&icons;/sys-poweroff-alt.png" label="Shutdown">
				<action name="Execute">
					<command>&pipes;/ac-powermenu --shutdown</command>
				</action>
			</item>
		</menu>
	</menu>
</openbox_menu>
<!-- vim:sw=2
-->
